segment,threshold,silhouette,dbi,n_groups,n_singletons,sil_norm,dbi_norm,score
Pro-Energy,0.700000,0.657670,0.370242,20.000000,18.000000,1.000000,0.828480,1.828480
Pro-Climate,0.860000,0.774762,0.252750,66.000000,63.000000,0.995476,0.911307,1.906783
Neutral,0.600000,,,7.000000,7.000000,,,0.000000
